"Brand","Price","IntSpeed","FixedLandline","MobileLine"
"Vicacell","AMD10000","10Mbps","20sen/min","New SIM"
"Beeline","AMD10000","10Mbps","20sen/min","New SIM"
"Ucom","AMD10000","10Mbps","20sen/min","New SIM"
"Vicacell","AMD14000","10Mbps","20sen/min","New SIM"
"Beeline","AMD14000","10Mbps","20sen/min","New SIM"
"Ucom","AMD14000","10Mbps","20sen/min","New SIM"
"Vicacell","AMD18000","10Mbps","20sen/min","New SIM"
"Beeline","AMD18000","10Mbps","20sen/min","New SIM"
"Ucom","AMD18000","10Mbps","20sen/min","New SIM"
"Vicacell","AMD22000","10Mbps","20sen/min","New SIM"
"Beeline","AMD22000","10Mbps","20sen/min","New SIM"
"Ucom","AMD22000","10Mbps","20sen/min","New SIM"
"Vicacell","AMD26000","10Mbps","20sen/min","New SIM"
"Beeline","AMD26000","10Mbps","20sen/min","New SIM"
"Ucom","AMD26000","10Mbps","20sen/min","New SIM"
"Vicacell","AMD10000","25Mbps","20sen/min","New SIM"
"Beeline","AMD10000","25Mbps","20sen/min","New SIM"
"Ucom","AMD10000","25Mbps","20sen/min","New SIM"
"Vicacell","AMD14000","25Mbps","20sen/min","New SIM"
"Beeline","AMD14000","25Mbps","20sen/min","New SIM"
"Ucom","AMD14000","25Mbps","20sen/min","New SIM"
"Vicacell","AMD18000","25Mbps","20sen/min","New SIM"
"Beeline","AMD18000","25Mbps","20sen/min","New SIM"
"Ucom","AMD18000","25Mbps","20sen/min","New SIM"
"Vicacell","AMD22000","25Mbps","20sen/min","New SIM"
"Beeline","AMD22000","25Mbps","20sen/min","New SIM"
"Ucom","AMD22000","25Mbps","20sen/min","New SIM"
"Vicacell","AMD26000","25Mbps","20sen/min","New SIM"
"Beeline","AMD26000","25Mbps","20sen/min","New SIM"
"Ucom","AMD26000","25Mbps","20sen/min","New SIM"
"Vicacell","AMD10000","50Mbps","20sen/min","New SIM"
"Beeline","AMD10000","50Mbps","20sen/min","New SIM"
"Ucom","AMD10000","50Mbps","20sen/min","New SIM"
"Vicacell","AMD14000","50Mbps","20sen/min","New SIM"
"Beeline","AMD14000","50Mbps","20sen/min","New SIM"
"Ucom","AMD14000","50Mbps","20sen/min","New SIM"
"Vicacell","AMD18000","50Mbps","20sen/min","New SIM"
"Beeline","AMD18000","50Mbps","20sen/min","New SIM"
"Ucom","AMD18000","50Mbps","20sen/min","New SIM"
"Vicacell","AMD22000","50Mbps","20sen/min","New SIM"
"Beeline","AMD22000","50Mbps","20sen/min","New SIM"
"Ucom","AMD22000","50Mbps","20sen/min","New SIM"
"Vicacell","AMD26000","50Mbps","20sen/min","New SIM"
"Beeline","AMD26000","50Mbps","20sen/min","New SIM"
"Ucom","AMD26000","50Mbps","20sen/min","New SIM"
"Vicacell","AMD10000","75Mbps","20sen/min","New SIM"
"Beeline","AMD10000","75Mbps","20sen/min","New SIM"
"Ucom","AMD10000","75Mbps","20sen/min","New SIM"
"Vicacell","AMD14000","75Mbps","20sen/min","New SIM"
"Beeline","AMD14000","75Mbps","20sen/min","New SIM"
"Ucom","AMD14000","75Mbps","20sen/min","New SIM"
"Vicacell","AMD18000","75Mbps","20sen/min","New SIM"
"Beeline","AMD18000","75Mbps","20sen/min","New SIM"
"Ucom","AMD18000","75Mbps","20sen/min","New SIM"
"Vicacell","AMD22000","75Mbps","20sen/min","New SIM"
"Beeline","AMD22000","75Mbps","20sen/min","New SIM"
"Ucom","AMD22000","75Mbps","20sen/min","New SIM"
"Vicacell","AMD26000","75Mbps","20sen/min","New SIM"
"Beeline","AMD26000","75Mbps","20sen/min","New SIM"
"Ucom","AMD26000","75Mbps","20sen/min","New SIM"
"Vicacell","AMD10000","100Mbps","20sen/min","New SIM"
"Beeline","AMD10000","100Mbps","20sen/min","New SIM"
"Ucom","AMD10000","100Mbps","20sen/min","New SIM"
"Vicacell","AMD14000","100Mbps","20sen/min","New SIM"
"Beeline","AMD14000","100Mbps","20sen/min","New SIM"
"Ucom","AMD14000","100Mbps","20sen/min","New SIM"
"Vicacell","AMD18000","100Mbps","20sen/min","New SIM"
"Beeline","AMD18000","100Mbps","20sen/min","New SIM"
"Ucom","AMD18000","100Mbps","20sen/min","New SIM"
"Vicacell","AMD22000","100Mbps","20sen/min","New SIM"
"Beeline","AMD22000","100Mbps","20sen/min","New SIM"
"Ucom","AMD22000","100Mbps","20sen/min","New SIM"
"Vicacell","AMD26000","100Mbps","20sen/min","New SIM"
"Beeline","AMD26000","100Mbps","20sen/min","New SIM"
"Ucom","AMD26000","100Mbps","20sen/min","New SIM"
"Vicacell","AMD10000","10Mbps","Unlimited to massprovide","New SIM"
"Beeline","AMD10000","10Mbps","Unlimited to massprovide","New SIM"
"Ucom","AMD10000","10Mbps","Unlimited to massprovide","New SIM"
"Vicacell","AMD14000","10Mbps","Unlimited to massprovide","New SIM"
"Beeline","AMD14000","10Mbps","Unlimited to massprovide","New SIM"
"Ucom","AMD14000","10Mbps","Unlimited to massprovide","New SIM"
"Vicacell","AMD18000","10Mbps","Unlimited to massprovide","New SIM"
"Beeline","AMD18000","10Mbps","Unlimited to massprovide","New SIM"
"Ucom","AMD18000","10Mbps","Unlimited to massprovide","New SIM"
"Vicacell","AMD22000","10Mbps","Unlimited to massprovide","New SIM"
"Beeline","AMD22000","10Mbps","Unlimited to massprovide","New SIM"
"Ucom","AMD22000","10Mbps","Unlimited to massprovide","New SIM"
"Vicacell","AMD26000","10Mbps","Unlimited to massprovide","New SIM"
"Beeline","AMD26000","10Mbps","Unlimited to massprovide","New SIM"
"Ucom","AMD26000","10Mbps","Unlimited to massprovide","New SIM"
"Vicacell","AMD10000","25Mbps","Unlimited to massprovide","New SIM"
"Beeline","AMD10000","25Mbps","Unlimited to massprovide","New SIM"
"Ucom","AMD10000","25Mbps","Unlimited to massprovide","New SIM"
"Vicacell","AMD14000","25Mbps","Unlimited to massprovide","New SIM"
"Beeline","AMD14000","25Mbps","Unlimited to massprovide","New SIM"
"Ucom","AMD14000","25Mbps","Unlimited to massprovide","New SIM"
"Vicacell","AMD18000","25Mbps","Unlimited to massprovide","New SIM"
"Beeline","AMD18000","25Mbps","Unlimited to massprovide","New SIM"
"Ucom","AMD18000","25Mbps","Unlimited to massprovide","New SIM"
"Vicacell","AMD22000","25Mbps","Unlimited to massprovide","New SIM"
"Beeline","AMD22000","25Mbps","Unlimited to massprovide","New SIM"
"Ucom","AMD22000","25Mbps","Unlimited to massprovide","New SIM"
"Vicacell","AMD26000","25Mbps","Unlimited to massprovide","New SIM"
"Beeline","AMD26000","25Mbps","Unlimited to massprovide","New SIM"
"Ucom","AMD26000","25Mbps","Unlimited to massprovide","New SIM"
"Vicacell","AMD10000","50Mbps","Unlimited to massprovide","New SIM"
"Beeline","AMD10000","50Mbps","Unlimited to massprovide","New SIM"
"Ucom","AMD10000","50Mbps","Unlimited to massprovide","New SIM"
"Vicacell","AMD14000","50Mbps","Unlimited to massprovide","New SIM"
"Beeline","AMD14000","50Mbps","Unlimited to massprovide","New SIM"
"Ucom","AMD14000","50Mbps","Unlimited to massprovide","New SIM"
"Vicacell","AMD18000","50Mbps","Unlimited to massprovide","New SIM"
"Beeline","AMD18000","50Mbps","Unlimited to massprovide","New SIM"
"Ucom","AMD18000","50Mbps","Unlimited to massprovide","New SIM"
"Vicacell","AMD22000","50Mbps","Unlimited to massprovide","New SIM"
"Beeline","AMD22000","50Mbps","Unlimited to massprovide","New SIM"
"Ucom","AMD22000","50Mbps","Unlimited to massprovide","New SIM"
"Vicacell","AMD26000","50Mbps","Unlimited to massprovide","New SIM"
"Beeline","AMD26000","50Mbps","Unlimited to massprovide","New SIM"
"Ucom","AMD26000","50Mbps","Unlimited to massprovide","New SIM"
"Vicacell","AMD10000","75Mbps","Unlimited to massprovide","New SIM"
"Beeline","AMD10000","75Mbps","Unlimited to massprovide","New SIM"
"Ucom","AMD10000","75Mbps","Unlimited to massprovide","New SIM"
"Vicacell","AMD14000","75Mbps","Unlimited to massprovide","New SIM"
"Beeline","AMD14000","75Mbps","Unlimited to massprovide","New SIM"
"Ucom","AMD14000","75Mbps","Unlimited to massprovide","New SIM"
"Vicacell","AMD18000","75Mbps","Unlimited to massprovide","New SIM"
"Beeline","AMD18000","75Mbps","Unlimited to massprovide","New SIM"
"Ucom","AMD18000","75Mbps","Unlimited to massprovide","New SIM"
"Vicacell","AMD22000","75Mbps","Unlimited to massprovide","New SIM"
"Beeline","AMD22000","75Mbps","Unlimited to massprovide","New SIM"
"Ucom","AMD22000","75Mbps","Unlimited to massprovide","New SIM"
"Vicacell","AMD26000","75Mbps","Unlimited to massprovide","New SIM"
"Beeline","AMD26000","75Mbps","Unlimited to massprovide","New SIM"
"Ucom","AMD26000","75Mbps","Unlimited to massprovide","New SIM"
"Vicacell","AMD10000","100Mbps","Unlimited to massprovide","New SIM"
"Beeline","AMD10000","100Mbps","Unlimited to massprovide","New SIM"
"Ucom","AMD10000","100Mbps","Unlimited to massprovide","New SIM"
"Vicacell","AMD14000","100Mbps","Unlimited to massprovide","New SIM"
"Beeline","AMD14000","100Mbps","Unlimited to massprovide","New SIM"
"Ucom","AMD14000","100Mbps","Unlimited to massprovide","New SIM"
"Vicacell","AMD18000","100Mbps","Unlimited to massprovide","New SIM"
"Beeline","AMD18000","100Mbps","Unlimited to massprovide","New SIM"
"Ucom","AMD18000","100Mbps","Unlimited to massprovide","New SIM"
"Vicacell","AMD22000","100Mbps","Unlimited to massprovide","New SIM"
"Beeline","AMD22000","100Mbps","Unlimited to massprovide","New SIM"
"Ucom","AMD22000","100Mbps","Unlimited to massprovide","New SIM"
"Vicacell","AMD26000","100Mbps","Unlimited to massprovide","New SIM"
"Beeline","AMD26000","100Mbps","Unlimited to massprovide","New SIM"
"Ucom","AMD26000","100Mbps","Unlimited to massprovide","New SIM"
"Vicacell","AMD10000","10Mbps","Unliminted to all","New SIM"
"Beeline","AMD10000","10Mbps","Unliminted to all","New SIM"
"Ucom","AMD10000","10Mbps","Unliminted to all","New SIM"
"Vicacell","AMD14000","10Mbps","Unliminted to all","New SIM"
"Beeline","AMD14000","10Mbps","Unliminted to all","New SIM"
"Ucom","AMD14000","10Mbps","Unliminted to all","New SIM"
"Vicacell","AMD18000","10Mbps","Unliminted to all","New SIM"
"Beeline","AMD18000","10Mbps","Unliminted to all","New SIM"
"Ucom","AMD18000","10Mbps","Unliminted to all","New SIM"
"Vicacell","AMD22000","10Mbps","Unliminted to all","New SIM"
"Beeline","AMD22000","10Mbps","Unliminted to all","New SIM"
"Ucom","AMD22000","10Mbps","Unliminted to all","New SIM"
"Vicacell","AMD26000","10Mbps","Unliminted to all","New SIM"
"Beeline","AMD26000","10Mbps","Unliminted to all","New SIM"
"Ucom","AMD26000","10Mbps","Unliminted to all","New SIM"
"Vicacell","AMD10000","25Mbps","Unliminted to all","New SIM"
"Beeline","AMD10000","25Mbps","Unliminted to all","New SIM"
"Ucom","AMD10000","25Mbps","Unliminted to all","New SIM"
"Vicacell","AMD14000","25Mbps","Unliminted to all","New SIM"
"Beeline","AMD14000","25Mbps","Unliminted to all","New SIM"
"Ucom","AMD14000","25Mbps","Unliminted to all","New SIM"
"Vicacell","AMD18000","25Mbps","Unliminted to all","New SIM"
"Beeline","AMD18000","25Mbps","Unliminted to all","New SIM"
"Ucom","AMD18000","25Mbps","Unliminted to all","New SIM"
"Vicacell","AMD22000","25Mbps","Unliminted to all","New SIM"
"Beeline","AMD22000","25Mbps","Unliminted to all","New SIM"
"Ucom","AMD22000","25Mbps","Unliminted to all","New SIM"
"Vicacell","AMD26000","25Mbps","Unliminted to all","New SIM"
"Beeline","AMD26000","25Mbps","Unliminted to all","New SIM"
"Ucom","AMD26000","25Mbps","Unliminted to all","New SIM"
"Vicacell","AMD10000","50Mbps","Unliminted to all","New SIM"
"Beeline","AMD10000","50Mbps","Unliminted to all","New SIM"
"Ucom","AMD10000","50Mbps","Unliminted to all","New SIM"
"Vicacell","AMD14000","50Mbps","Unliminted to all","New SIM"
"Beeline","AMD14000","50Mbps","Unliminted to all","New SIM"
"Ucom","AMD14000","50Mbps","Unliminted to all","New SIM"
"Vicacell","AMD18000","50Mbps","Unliminted to all","New SIM"
"Beeline","AMD18000","50Mbps","Unliminted to all","New SIM"
"Ucom","AMD18000","50Mbps","Unliminted to all","New SIM"
"Vicacell","AMD22000","50Mbps","Unliminted to all","New SIM"
"Beeline","AMD22000","50Mbps","Unliminted to all","New SIM"
"Ucom","AMD22000","50Mbps","Unliminted to all","New SIM"
"Vicacell","AMD26000","50Mbps","Unliminted to all","New SIM"
"Beeline","AMD26000","50Mbps","Unliminted to all","New SIM"
"Ucom","AMD26000","50Mbps","Unliminted to all","New SIM"
"Vicacell","AMD10000","75Mbps","Unliminted to all","New SIM"
"Beeline","AMD10000","75Mbps","Unliminted to all","New SIM"
"Ucom","AMD10000","75Mbps","Unliminted to all","New SIM"
"Vicacell","AMD14000","75Mbps","Unliminted to all","New SIM"
"Beeline","AMD14000","75Mbps","Unliminted to all","New SIM"
"Ucom","AMD14000","75Mbps","Unliminted to all","New SIM"
"Vicacell","AMD18000","75Mbps","Unliminted to all","New SIM"
"Beeline","AMD18000","75Mbps","Unliminted to all","New SIM"
"Ucom","AMD18000","75Mbps","Unliminted to all","New SIM"
"Vicacell","AMD22000","75Mbps","Unliminted to all","New SIM"
"Beeline","AMD22000","75Mbps","Unliminted to all","New SIM"
"Ucom","AMD22000","75Mbps","Unliminted to all","New SIM"
"Vicacell","AMD26000","75Mbps","Unliminted to all","New SIM"
"Beeline","AMD26000","75Mbps","Unliminted to all","New SIM"
"Ucom","AMD26000","75Mbps","Unliminted to all","New SIM"
"Vicacell","AMD10000","100Mbps","Unliminted to all","New SIM"
"Beeline","AMD10000","100Mbps","Unliminted to all","New SIM"
"Ucom","AMD10000","100Mbps","Unliminted to all","New SIM"
"Vicacell","AMD14000","100Mbps","Unliminted to all","New SIM"
"Beeline","AMD14000","100Mbps","Unliminted to all","New SIM"
"Ucom","AMD14000","100Mbps","Unliminted to all","New SIM"
"Vicacell","AMD18000","100Mbps","Unliminted to all","New SIM"
"Beeline","AMD18000","100Mbps","Unliminted to all","New SIM"
"Ucom","AMD18000","100Mbps","Unliminted to all","New SIM"
"Vicacell","AMD22000","100Mbps","Unliminted to all","New SIM"
"Beeline","AMD22000","100Mbps","Unliminted to all","New SIM"
"Ucom","AMD22000","100Mbps","Unliminted to all","New SIM"
"Vicacell","AMD26000","100Mbps","Unliminted to all","New SIM"
"Beeline","AMD26000","100Mbps","Unliminted to all","New SIM"
"Ucom","AMD26000","100Mbps","Unliminted to all","New SIM"
"Vicacell","AMD10000","10Mbps","20sen/min","1GB+100 mins"
"Beeline","AMD10000","10Mbps","20sen/min","1GB+100 mins"
"Ucom","AMD10000","10Mbps","20sen/min","1GB+100 mins"
"Vicacell","AMD14000","10Mbps","20sen/min","1GB+100 mins"
"Beeline","AMD14000","10Mbps","20sen/min","1GB+100 mins"
"Ucom","AMD14000","10Mbps","20sen/min","1GB+100 mins"
"Vicacell","AMD18000","10Mbps","20sen/min","1GB+100 mins"
"Beeline","AMD18000","10Mbps","20sen/min","1GB+100 mins"
"Ucom","AMD18000","10Mbps","20sen/min","1GB+100 mins"
"Vicacell","AMD22000","10Mbps","20sen/min","1GB+100 mins"
"Beeline","AMD22000","10Mbps","20sen/min","1GB+100 mins"
"Ucom","AMD22000","10Mbps","20sen/min","1GB+100 mins"
"Vicacell","AMD26000","10Mbps","20sen/min","1GB+100 mins"
"Beeline","AMD26000","10Mbps","20sen/min","1GB+100 mins"
"Ucom","AMD26000","10Mbps","20sen/min","1GB+100 mins"
"Vicacell","AMD10000","25Mbps","20sen/min","1GB+100 mins"
"Beeline","AMD10000","25Mbps","20sen/min","1GB+100 mins"
"Ucom","AMD10000","25Mbps","20sen/min","1GB+100 mins"
"Vicacell","AMD14000","25Mbps","20sen/min","1GB+100 mins"
"Beeline","AMD14000","25Mbps","20sen/min","1GB+100 mins"
"Ucom","AMD14000","25Mbps","20sen/min","1GB+100 mins"
"Vicacell","AMD18000","25Mbps","20sen/min","1GB+100 mins"
"Beeline","AMD18000","25Mbps","20sen/min","1GB+100 mins"
"Ucom","AMD18000","25Mbps","20sen/min","1GB+100 mins"
"Vicacell","AMD22000","25Mbps","20sen/min","1GB+100 mins"
"Beeline","AMD22000","25Mbps","20sen/min","1GB+100 mins"
"Ucom","AMD22000","25Mbps","20sen/min","1GB+100 mins"
"Vicacell","AMD26000","25Mbps","20sen/min","1GB+100 mins"
"Beeline","AMD26000","25Mbps","20sen/min","1GB+100 mins"
"Ucom","AMD26000","25Mbps","20sen/min","1GB+100 mins"
"Vicacell","AMD10000","50Mbps","20sen/min","1GB+100 mins"
"Beeline","AMD10000","50Mbps","20sen/min","1GB+100 mins"
"Ucom","AMD10000","50Mbps","20sen/min","1GB+100 mins"
"Vicacell","AMD14000","50Mbps","20sen/min","1GB+100 mins"
"Beeline","AMD14000","50Mbps","20sen/min","1GB+100 mins"
"Ucom","AMD14000","50Mbps","20sen/min","1GB+100 mins"
"Vicacell","AMD18000","50Mbps","20sen/min","1GB+100 mins"
"Beeline","AMD18000","50Mbps","20sen/min","1GB+100 mins"
"Ucom","AMD18000","50Mbps","20sen/min","1GB+100 mins"
"Vicacell","AMD22000","50Mbps","20sen/min","1GB+100 mins"
"Beeline","AMD22000","50Mbps","20sen/min","1GB+100 mins"
"Ucom","AMD22000","50Mbps","20sen/min","1GB+100 mins"
"Vicacell","AMD26000","50Mbps","20sen/min","1GB+100 mins"
"Beeline","AMD26000","50Mbps","20sen/min","1GB+100 mins"
"Ucom","AMD26000","50Mbps","20sen/min","1GB+100 mins"
"Vicacell","AMD10000","75Mbps","20sen/min","1GB+100 mins"
"Beeline","AMD10000","75Mbps","20sen/min","1GB+100 mins"
"Ucom","AMD10000","75Mbps","20sen/min","1GB+100 mins"
"Vicacell","AMD14000","75Mbps","20sen/min","1GB+100 mins"
"Beeline","AMD14000","75Mbps","20sen/min","1GB+100 mins"
"Ucom","AMD14000","75Mbps","20sen/min","1GB+100 mins"
"Vicacell","AMD18000","75Mbps","20sen/min","1GB+100 mins"
"Beeline","AMD18000","75Mbps","20sen/min","1GB+100 mins"
"Ucom","AMD18000","75Mbps","20sen/min","1GB+100 mins"
"Vicacell","AMD22000","75Mbps","20sen/min","1GB+100 mins"
"Beeline","AMD22000","75Mbps","20sen/min","1GB+100 mins"
"Ucom","AMD22000","75Mbps","20sen/min","1GB+100 mins"
"Vicacell","AMD26000","75Mbps","20sen/min","1GB+100 mins"
"Beeline","AMD26000","75Mbps","20sen/min","1GB+100 mins"
"Ucom","AMD26000","75Mbps","20sen/min","1GB+100 mins"
"Vicacell","AMD10000","100Mbps","20sen/min","1GB+100 mins"
"Beeline","AMD10000","100Mbps","20sen/min","1GB+100 mins"
"Ucom","AMD10000","100Mbps","20sen/min","1GB+100 mins"
"Vicacell","AMD14000","100Mbps","20sen/min","1GB+100 mins"
"Beeline","AMD14000","100Mbps","20sen/min","1GB+100 mins"
"Ucom","AMD14000","100Mbps","20sen/min","1GB+100 mins"
"Vicacell","AMD18000","100Mbps","20sen/min","1GB+100 mins"
"Beeline","AMD18000","100Mbps","20sen/min","1GB+100 mins"
"Ucom","AMD18000","100Mbps","20sen/min","1GB+100 mins"
"Vicacell","AMD22000","100Mbps","20sen/min","1GB+100 mins"
"Beeline","AMD22000","100Mbps","20sen/min","1GB+100 mins"
"Ucom","AMD22000","100Mbps","20sen/min","1GB+100 mins"
"Vicacell","AMD26000","100Mbps","20sen/min","1GB+100 mins"
"Beeline","AMD26000","100Mbps","20sen/min","1GB+100 mins"
"Ucom","AMD26000","100Mbps","20sen/min","1GB+100 mins"
"Vicacell","AMD10000","10Mbps","Unlimited to massprovide","1GB+100 mins"
"Beeline","AMD10000","10Mbps","Unlimited to massprovide","1GB+100 mins"
"Ucom","AMD10000","10Mbps","Unlimited to massprovide","1GB+100 mins"
"Vicacell","AMD14000","10Mbps","Unlimited to massprovide","1GB+100 mins"
"Beeline","AMD14000","10Mbps","Unlimited to massprovide","1GB+100 mins"
"Ucom","AMD14000","10Mbps","Unlimited to massprovide","1GB+100 mins"
"Vicacell","AMD18000","10Mbps","Unlimited to massprovide","1GB+100 mins"
"Beeline","AMD18000","10Mbps","Unlimited to massprovide","1GB+100 mins"
"Ucom","AMD18000","10Mbps","Unlimited to massprovide","1GB+100 mins"
"Vicacell","AMD22000","10Mbps","Unlimited to massprovide","1GB+100 mins"
"Beeline","AMD22000","10Mbps","Unlimited to massprovide","1GB+100 mins"
"Ucom","AMD22000","10Mbps","Unlimited to massprovide","1GB+100 mins"
"Vicacell","AMD26000","10Mbps","Unlimited to massprovide","1GB+100 mins"
"Beeline","AMD26000","10Mbps","Unlimited to massprovide","1GB+100 mins"
"Ucom","AMD26000","10Mbps","Unlimited to massprovide","1GB+100 mins"
"Vicacell","AMD10000","25Mbps","Unlimited to massprovide","1GB+100 mins"
"Beeline","AMD10000","25Mbps","Unlimited to massprovide","1GB+100 mins"
"Ucom","AMD10000","25Mbps","Unlimited to massprovide","1GB+100 mins"
"Vicacell","AMD14000","25Mbps","Unlimited to massprovide","1GB+100 mins"
"Beeline","AMD14000","25Mbps","Unlimited to massprovide","1GB+100 mins"
"Ucom","AMD14000","25Mbps","Unlimited to massprovide","1GB+100 mins"
"Vicacell","AMD18000","25Mbps","Unlimited to massprovide","1GB+100 mins"
"Beeline","AMD18000","25Mbps","Unlimited to massprovide","1GB+100 mins"
"Ucom","AMD18000","25Mbps","Unlimited to massprovide","1GB+100 mins"
"Vicacell","AMD22000","25Mbps","Unlimited to massprovide","1GB+100 mins"
"Beeline","AMD22000","25Mbps","Unlimited to massprovide","1GB+100 mins"
"Ucom","AMD22000","25Mbps","Unlimited to massprovide","1GB+100 mins"
"Vicacell","AMD26000","25Mbps","Unlimited to massprovide","1GB+100 mins"
"Beeline","AMD26000","25Mbps","Unlimited to massprovide","1GB+100 mins"
"Ucom","AMD26000","25Mbps","Unlimited to massprovide","1GB+100 mins"
"Vicacell","AMD10000","50Mbps","Unlimited to massprovide","1GB+100 mins"
"Beeline","AMD10000","50Mbps","Unlimited to massprovide","1GB+100 mins"
"Ucom","AMD10000","50Mbps","Unlimited to massprovide","1GB+100 mins"
"Vicacell","AMD14000","50Mbps","Unlimited to massprovide","1GB+100 mins"
"Beeline","AMD14000","50Mbps","Unlimited to massprovide","1GB+100 mins"
"Ucom","AMD14000","50Mbps","Unlimited to massprovide","1GB+100 mins"
"Vicacell","AMD18000","50Mbps","Unlimited to massprovide","1GB+100 mins"
"Beeline","AMD18000","50Mbps","Unlimited to massprovide","1GB+100 mins"
"Ucom","AMD18000","50Mbps","Unlimited to massprovide","1GB+100 mins"
"Vicacell","AMD22000","50Mbps","Unlimited to massprovide","1GB+100 mins"
"Beeline","AMD22000","50Mbps","Unlimited to massprovide","1GB+100 mins"
"Ucom","AMD22000","50Mbps","Unlimited to massprovide","1GB+100 mins"
"Vicacell","AMD26000","50Mbps","Unlimited to massprovide","1GB+100 mins"
"Beeline","AMD26000","50Mbps","Unlimited to massprovide","1GB+100 mins"
"Ucom","AMD26000","50Mbps","Unlimited to massprovide","1GB+100 mins"
"Vicacell","AMD10000","75Mbps","Unlimited to massprovide","1GB+100 mins"
"Beeline","AMD10000","75Mbps","Unlimited to massprovide","1GB+100 mins"
"Ucom","AMD10000","75Mbps","Unlimited to massprovide","1GB+100 mins"
"Vicacell","AMD14000","75Mbps","Unlimited to massprovide","1GB+100 mins"
"Beeline","AMD14000","75Mbps","Unlimited to massprovide","1GB+100 mins"
"Ucom","AMD14000","75Mbps","Unlimited to massprovide","1GB+100 mins"
"Vicacell","AMD18000","75Mbps","Unlimited to massprovide","1GB+100 mins"
"Beeline","AMD18000","75Mbps","Unlimited to massprovide","1GB+100 mins"
"Ucom","AMD18000","75Mbps","Unlimited to massprovide","1GB+100 mins"
"Vicacell","AMD22000","75Mbps","Unlimited to massprovide","1GB+100 mins"
"Beeline","AMD22000","75Mbps","Unlimited to massprovide","1GB+100 mins"
"Ucom","AMD22000","75Mbps","Unlimited to massprovide","1GB+100 mins"
"Vicacell","AMD26000","75Mbps","Unlimited to massprovide","1GB+100 mins"
"Beeline","AMD26000","75Mbps","Unlimited to massprovide","1GB+100 mins"
"Ucom","AMD26000","75Mbps","Unlimited to massprovide","1GB+100 mins"
"Vicacell","AMD10000","100Mbps","Unlimited to massprovide","1GB+100 mins"
"Beeline","AMD10000","100Mbps","Unlimited to massprovide","1GB+100 mins"
"Ucom","AMD10000","100Mbps","Unlimited to massprovide","1GB+100 mins"
"Vicacell","AMD14000","100Mbps","Unlimited to massprovide","1GB+100 mins"
"Beeline","AMD14000","100Mbps","Unlimited to massprovide","1GB+100 mins"
"Ucom","AMD14000","100Mbps","Unlimited to massprovide","1GB+100 mins"
"Vicacell","AMD18000","100Mbps","Unlimited to massprovide","1GB+100 mins"
"Beeline","AMD18000","100Mbps","Unlimited to massprovide","1GB+100 mins"
"Ucom","AMD18000","100Mbps","Unlimited to massprovide","1GB+100 mins"
"Vicacell","AMD22000","100Mbps","Unlimited to massprovide","1GB+100 mins"
"Beeline","AMD22000","100Mbps","Unlimited to massprovide","1GB+100 mins"
"Ucom","AMD22000","100Mbps","Unlimited to massprovide","1GB+100 mins"
"Vicacell","AMD26000","100Mbps","Unlimited to massprovide","1GB+100 mins"
"Beeline","AMD26000","100Mbps","Unlimited to massprovide","1GB+100 mins"
"Ucom","AMD26000","100Mbps","Unlimited to massprovide","1GB+100 mins"
"Vicacell","AMD10000","10Mbps","Unliminted to all","1GB+100 mins"
"Beeline","AMD10000","10Mbps","Unliminted to all","1GB+100 mins"
"Ucom","AMD10000","10Mbps","Unliminted to all","1GB+100 mins"
"Vicacell","AMD14000","10Mbps","Unliminted to all","1GB+100 mins"
"Beeline","AMD14000","10Mbps","Unliminted to all","1GB+100 mins"
"Ucom","AMD14000","10Mbps","Unliminted to all","1GB+100 mins"
"Vicacell","AMD18000","10Mbps","Unliminted to all","1GB+100 mins"
"Beeline","AMD18000","10Mbps","Unliminted to all","1GB+100 mins"
"Ucom","AMD18000","10Mbps","Unliminted to all","1GB+100 mins"
"Vicacell","AMD22000","10Mbps","Unliminted to all","1GB+100 mins"
"Beeline","AMD22000","10Mbps","Unliminted to all","1GB+100 mins"
"Ucom","AMD22000","10Mbps","Unliminted to all","1GB+100 mins"
"Vicacell","AMD26000","10Mbps","Unliminted to all","1GB+100 mins"
"Beeline","AMD26000","10Mbps","Unliminted to all","1GB+100 mins"
"Ucom","AMD26000","10Mbps","Unliminted to all","1GB+100 mins"
"Vicacell","AMD10000","25Mbps","Unliminted to all","1GB+100 mins"
"Beeline","AMD10000","25Mbps","Unliminted to all","1GB+100 mins"
"Ucom","AMD10000","25Mbps","Unliminted to all","1GB+100 mins"
"Vicacell","AMD14000","25Mbps","Unliminted to all","1GB+100 mins"
"Beeline","AMD14000","25Mbps","Unliminted to all","1GB+100 mins"
"Ucom","AMD14000","25Mbps","Unliminted to all","1GB+100 mins"
"Vicacell","AMD18000","25Mbps","Unliminted to all","1GB+100 mins"
"Beeline","AMD18000","25Mbps","Unliminted to all","1GB+100 mins"
"Ucom","AMD18000","25Mbps","Unliminted to all","1GB+100 mins"
"Vicacell","AMD22000","25Mbps","Unliminted to all","1GB+100 mins"
"Beeline","AMD22000","25Mbps","Unliminted to all","1GB+100 mins"
"Ucom","AMD22000","25Mbps","Unliminted to all","1GB+100 mins"
"Vicacell","AMD26000","25Mbps","Unliminted to all","1GB+100 mins"
"Beeline","AMD26000","25Mbps","Unliminted to all","1GB+100 mins"
"Ucom","AMD26000","25Mbps","Unliminted to all","1GB+100 mins"
"Vicacell","AMD10000","50Mbps","Unliminted to all","1GB+100 mins"
"Beeline","AMD10000","50Mbps","Unliminted to all","1GB+100 mins"
"Ucom","AMD10000","50Mbps","Unliminted to all","1GB+100 mins"
"Vicacell","AMD14000","50Mbps","Unliminted to all","1GB+100 mins"
"Beeline","AMD14000","50Mbps","Unliminted to all","1GB+100 mins"
"Ucom","AMD14000","50Mbps","Unliminted to all","1GB+100 mins"
"Vicacell","AMD18000","50Mbps","Unliminted to all","1GB+100 mins"
"Beeline","AMD18000","50Mbps","Unliminted to all","1GB+100 mins"
"Ucom","AMD18000","50Mbps","Unliminted to all","1GB+100 mins"
"Vicacell","AMD22000","50Mbps","Unliminted to all","1GB+100 mins"
"Beeline","AMD22000","50Mbps","Unliminted to all","1GB+100 mins"
"Ucom","AMD22000","50Mbps","Unliminted to all","1GB+100 mins"
"Vicacell","AMD26000","50Mbps","Unliminted to all","1GB+100 mins"
"Beeline","AMD26000","50Mbps","Unliminted to all","1GB+100 mins"
"Ucom","AMD26000","50Mbps","Unliminted to all","1GB+100 mins"
"Vicacell","AMD10000","75Mbps","Unliminted to all","1GB+100 mins"
"Beeline","AMD10000","75Mbps","Unliminted to all","1GB+100 mins"
"Ucom","AMD10000","75Mbps","Unliminted to all","1GB+100 mins"
"Vicacell","AMD14000","75Mbps","Unliminted to all","1GB+100 mins"
"Beeline","AMD14000","75Mbps","Unliminted to all","1GB+100 mins"
"Ucom","AMD14000","75Mbps","Unliminted to all","1GB+100 mins"
"Vicacell","AMD18000","75Mbps","Unliminted to all","1GB+100 mins"
"Beeline","AMD18000","75Mbps","Unliminted to all","1GB+100 mins"
"Ucom","AMD18000","75Mbps","Unliminted to all","1GB+100 mins"
"Vicacell","AMD22000","75Mbps","Unliminted to all","1GB+100 mins"
"Beeline","AMD22000","75Mbps","Unliminted to all","1GB+100 mins"
"Ucom","AMD22000","75Mbps","Unliminted to all","1GB+100 mins"
"Vicacell","AMD26000","75Mbps","Unliminted to all","1GB+100 mins"
"Beeline","AMD26000","75Mbps","Unliminted to all","1GB+100 mins"
"Ucom","AMD26000","75Mbps","Unliminted to all","1GB+100 mins"
"Vicacell","AMD10000","100Mbps","Unliminted to all","1GB+100 mins"
"Beeline","AMD10000","100Mbps","Unliminted to all","1GB+100 mins"
"Ucom","AMD10000","100Mbps","Unliminted to all","1GB+100 mins"
"Vicacell","AMD14000","100Mbps","Unliminted to all","1GB+100 mins"
"Beeline","AMD14000","100Mbps","Unliminted to all","1GB+100 mins"
"Ucom","AMD14000","100Mbps","Unliminted to all","1GB+100 mins"
"Vicacell","AMD18000","100Mbps","Unliminted to all","1GB+100 mins"
"Beeline","AMD18000","100Mbps","Unliminted to all","1GB+100 mins"
"Ucom","AMD18000","100Mbps","Unliminted to all","1GB+100 mins"
"Vicacell","AMD22000","100Mbps","Unliminted to all","1GB+100 mins"
"Beeline","AMD22000","100Mbps","Unliminted to all","1GB+100 mins"
"Ucom","AMD22000","100Mbps","Unliminted to all","1GB+100 mins"
"Vicacell","AMD26000","100Mbps","Unliminted to all","1GB+100 mins"
"Beeline","AMD26000","100Mbps","Unliminted to all","1GB+100 mins"
"Ucom","AMD26000","100Mbps","Unliminted to all","1GB+100 mins"
"Vicacell","AMD10000","10Mbps","20sen/min","None"
"Beeline","AMD10000","10Mbps","20sen/min","None"
"Ucom","AMD10000","10Mbps","20sen/min","None"
"Vicacell","AMD14000","10Mbps","20sen/min","None"
"Beeline","AMD14000","10Mbps","20sen/min","None"
"Ucom","AMD14000","10Mbps","20sen/min","None"
"Vicacell","AMD18000","10Mbps","20sen/min","None"
"Beeline","AMD18000","10Mbps","20sen/min","None"
"Ucom","AMD18000","10Mbps","20sen/min","None"
"Vicacell","AMD22000","10Mbps","20sen/min","None"
"Beeline","AMD22000","10Mbps","20sen/min","None"
"Ucom","AMD22000","10Mbps","20sen/min","None"
"Vicacell","AMD26000","10Mbps","20sen/min","None"
"Beeline","AMD26000","10Mbps","20sen/min","None"
"Ucom","AMD26000","10Mbps","20sen/min","None"
"Vicacell","AMD10000","25Mbps","20sen/min","None"
"Beeline","AMD10000","25Mbps","20sen/min","None"
"Ucom","AMD10000","25Mbps","20sen/min","None"
"Vicacell","AMD14000","25Mbps","20sen/min","None"
"Beeline","AMD14000","25Mbps","20sen/min","None"
"Ucom","AMD14000","25Mbps","20sen/min","None"
"Vicacell","AMD18000","25Mbps","20sen/min","None"
"Beeline","AMD18000","25Mbps","20sen/min","None"
"Ucom","AMD18000","25Mbps","20sen/min","None"
"Vicacell","AMD22000","25Mbps","20sen/min","None"
"Beeline","AMD22000","25Mbps","20sen/min","None"
"Ucom","AMD22000","25Mbps","20sen/min","None"
"Vicacell","AMD26000","25Mbps","20sen/min","None"
"Beeline","AMD26000","25Mbps","20sen/min","None"
"Ucom","AMD26000","25Mbps","20sen/min","None"
"Vicacell","AMD10000","50Mbps","20sen/min","None"
"Beeline","AMD10000","50Mbps","20sen/min","None"
"Ucom","AMD10000","50Mbps","20sen/min","None"
"Vicacell","AMD14000","50Mbps","20sen/min","None"
"Beeline","AMD14000","50Mbps","20sen/min","None"
"Ucom","AMD14000","50Mbps","20sen/min","None"
"Vicacell","AMD18000","50Mbps","20sen/min","None"
"Beeline","AMD18000","50Mbps","20sen/min","None"
"Ucom","AMD18000","50Mbps","20sen/min","None"
"Vicacell","AMD22000","50Mbps","20sen/min","None"
"Beeline","AMD22000","50Mbps","20sen/min","None"
"Ucom","AMD22000","50Mbps","20sen/min","None"
"Vicacell","AMD26000","50Mbps","20sen/min","None"
"Beeline","AMD26000","50Mbps","20sen/min","None"
"Ucom","AMD26000","50Mbps","20sen/min","None"
"Vicacell","AMD10000","75Mbps","20sen/min","None"
"Beeline","AMD10000","75Mbps","20sen/min","None"
"Ucom","AMD10000","75Mbps","20sen/min","None"
"Vicacell","AMD14000","75Mbps","20sen/min","None"
"Beeline","AMD14000","75Mbps","20sen/min","None"
"Ucom","AMD14000","75Mbps","20sen/min","None"
"Vicacell","AMD18000","75Mbps","20sen/min","None"
"Beeline","AMD18000","75Mbps","20sen/min","None"
"Ucom","AMD18000","75Mbps","20sen/min","None"
"Vicacell","AMD22000","75Mbps","20sen/min","None"
"Beeline","AMD22000","75Mbps","20sen/min","None"
"Ucom","AMD22000","75Mbps","20sen/min","None"
"Vicacell","AMD26000","75Mbps","20sen/min","None"
"Beeline","AMD26000","75Mbps","20sen/min","None"
"Ucom","AMD26000","75Mbps","20sen/min","None"
"Vicacell","AMD10000","100Mbps","20sen/min","None"
"Beeline","AMD10000","100Mbps","20sen/min","None"
"Ucom","AMD10000","100Mbps","20sen/min","None"
"Vicacell","AMD14000","100Mbps","20sen/min","None"
"Beeline","AMD14000","100Mbps","20sen/min","None"
"Ucom","AMD14000","100Mbps","20sen/min","None"
"Vicacell","AMD18000","100Mbps","20sen/min","None"
"Beeline","AMD18000","100Mbps","20sen/min","None"
"Ucom","AMD18000","100Mbps","20sen/min","None"
"Vicacell","AMD22000","100Mbps","20sen/min","None"
"Beeline","AMD22000","100Mbps","20sen/min","None"
"Ucom","AMD22000","100Mbps","20sen/min","None"
"Vicacell","AMD26000","100Mbps","20sen/min","None"
"Beeline","AMD26000","100Mbps","20sen/min","None"
"Ucom","AMD26000","100Mbps","20sen/min","None"
"Vicacell","AMD10000","10Mbps","Unlimited to massprovide","None"
"Beeline","AMD10000","10Mbps","Unlimited to massprovide","None"
"Ucom","AMD10000","10Mbps","Unlimited to massprovide","None"
"Vicacell","AMD14000","10Mbps","Unlimited to massprovide","None"
"Beeline","AMD14000","10Mbps","Unlimited to massprovide","None"
"Ucom","AMD14000","10Mbps","Unlimited to massprovide","None"
"Vicacell","AMD18000","10Mbps","Unlimited to massprovide","None"
"Beeline","AMD18000","10Mbps","Unlimited to massprovide","None"
"Ucom","AMD18000","10Mbps","Unlimited to massprovide","None"
"Vicacell","AMD22000","10Mbps","Unlimited to massprovide","None"
"Beeline","AMD22000","10Mbps","Unlimited to massprovide","None"
"Ucom","AMD22000","10Mbps","Unlimited to massprovide","None"
"Vicacell","AMD26000","10Mbps","Unlimited to massprovide","None"
"Beeline","AMD26000","10Mbps","Unlimited to massprovide","None"
"Ucom","AMD26000","10Mbps","Unlimited to massprovide","None"
"Vicacell","AMD10000","25Mbps","Unlimited to massprovide","None"
"Beeline","AMD10000","25Mbps","Unlimited to massprovide","None"
"Ucom","AMD10000","25Mbps","Unlimited to massprovide","None"
"Vicacell","AMD14000","25Mbps","Unlimited to massprovide","None"
"Beeline","AMD14000","25Mbps","Unlimited to massprovide","None"
"Ucom","AMD14000","25Mbps","Unlimited to massprovide","None"
"Vicacell","AMD18000","25Mbps","Unlimited to massprovide","None"
"Beeline","AMD18000","25Mbps","Unlimited to massprovide","None"
"Ucom","AMD18000","25Mbps","Unlimited to massprovide","None"
"Vicacell","AMD22000","25Mbps","Unlimited to massprovide","None"
"Beeline","AMD22000","25Mbps","Unlimited to massprovide","None"
"Ucom","AMD22000","25Mbps","Unlimited to massprovide","None"
"Vicacell","AMD26000","25Mbps","Unlimited to massprovide","None"
"Beeline","AMD26000","25Mbps","Unlimited to massprovide","None"
"Ucom","AMD26000","25Mbps","Unlimited to massprovide","None"
"Vicacell","AMD10000","50Mbps","Unlimited to massprovide","None"
"Beeline","AMD10000","50Mbps","Unlimited to massprovide","None"
"Ucom","AMD10000","50Mbps","Unlimited to massprovide","None"
"Vicacell","AMD14000","50Mbps","Unlimited to massprovide","None"
"Beeline","AMD14000","50Mbps","Unlimited to massprovide","None"
"Ucom","AMD14000","50Mbps","Unlimited to massprovide","None"
"Vicacell","AMD18000","50Mbps","Unlimited to massprovide","None"
"Beeline","AMD18000","50Mbps","Unlimited to massprovide","None"
"Ucom","AMD18000","50Mbps","Unlimited to massprovide","None"
"Vicacell","AMD22000","50Mbps","Unlimited to massprovide","None"
"Beeline","AMD22000","50Mbps","Unlimited to massprovide","None"
"Ucom","AMD22000","50Mbps","Unlimited to massprovide","None"
"Vicacell","AMD26000","50Mbps","Unlimited to massprovide","None"
"Beeline","AMD26000","50Mbps","Unlimited to massprovide","None"
"Ucom","AMD26000","50Mbps","Unlimited to massprovide","None"
"Vicacell","AMD10000","75Mbps","Unlimited to massprovide","None"
"Beeline","AMD10000","75Mbps","Unlimited to massprovide","None"
"Ucom","AMD10000","75Mbps","Unlimited to massprovide","None"
"Vicacell","AMD14000","75Mbps","Unlimited to massprovide","None"
"Beeline","AMD14000","75Mbps","Unlimited to massprovide","None"
"Ucom","AMD14000","75Mbps","Unlimited to massprovide","None"
"Vicacell","AMD18000","75Mbps","Unlimited to massprovide","None"
"Beeline","AMD18000","75Mbps","Unlimited to massprovide","None"
"Ucom","AMD18000","75Mbps","Unlimited to massprovide","None"
"Vicacell","AMD22000","75Mbps","Unlimited to massprovide","None"
"Beeline","AMD22000","75Mbps","Unlimited to massprovide","None"
"Ucom","AMD22000","75Mbps","Unlimited to massprovide","None"
"Vicacell","AMD26000","75Mbps","Unlimited to massprovide","None"
"Beeline","AMD26000","75Mbps","Unlimited to massprovide","None"
"Ucom","AMD26000","75Mbps","Unlimited to massprovide","None"
"Vicacell","AMD10000","100Mbps","Unlimited to massprovide","None"
"Beeline","AMD10000","100Mbps","Unlimited to massprovide","None"
"Ucom","AMD10000","100Mbps","Unlimited to massprovide","None"
"Vicacell","AMD14000","100Mbps","Unlimited to massprovide","None"
"Beeline","AMD14000","100Mbps","Unlimited to massprovide","None"
"Ucom","AMD14000","100Mbps","Unlimited to massprovide","None"
"Vicacell","AMD18000","100Mbps","Unlimited to massprovide","None"
"Beeline","AMD18000","100Mbps","Unlimited to massprovide","None"
"Ucom","AMD18000","100Mbps","Unlimited to massprovide","None"
"Vicacell","AMD22000","100Mbps","Unlimited to massprovide","None"
"Beeline","AMD22000","100Mbps","Unlimited to massprovide","None"
"Ucom","AMD22000","100Mbps","Unlimited to massprovide","None"
"Vicacell","AMD26000","100Mbps","Unlimited to massprovide","None"
"Beeline","AMD26000","100Mbps","Unlimited to massprovide","None"
"Ucom","AMD26000","100Mbps","Unlimited to massprovide","None"
"Vicacell","AMD10000","10Mbps","Unliminted to all","None"
"Beeline","AMD10000","10Mbps","Unliminted to all","None"
"Ucom","AMD10000","10Mbps","Unliminted to all","None"
"Vicacell","AMD14000","10Mbps","Unliminted to all","None"
"Beeline","AMD14000","10Mbps","Unliminted to all","None"
"Ucom","AMD14000","10Mbps","Unliminted to all","None"
"Vicacell","AMD18000","10Mbps","Unliminted to all","None"
"Beeline","AMD18000","10Mbps","Unliminted to all","None"
"Ucom","AMD18000","10Mbps","Unliminted to all","None"
"Vicacell","AMD22000","10Mbps","Unliminted to all","None"
"Beeline","AMD22000","10Mbps","Unliminted to all","None"
"Ucom","AMD22000","10Mbps","Unliminted to all","None"
"Vicacell","AMD26000","10Mbps","Unliminted to all","None"
"Beeline","AMD26000","10Mbps","Unliminted to all","None"
"Ucom","AMD26000","10Mbps","Unliminted to all","None"
"Vicacell","AMD10000","25Mbps","Unliminted to all","None"
"Beeline","AMD10000","25Mbps","Unliminted to all","None"
"Ucom","AMD10000","25Mbps","Unliminted to all","None"
"Vicacell","AMD14000","25Mbps","Unliminted to all","None"
"Beeline","AMD14000","25Mbps","Unliminted to all","None"
"Ucom","AMD14000","25Mbps","Unliminted to all","None"
"Vicacell","AMD18000","25Mbps","Unliminted to all","None"
"Beeline","AMD18000","25Mbps","Unliminted to all","None"
"Ucom","AMD18000","25Mbps","Unliminted to all","None"
"Vicacell","AMD22000","25Mbps","Unliminted to all","None"
"Beeline","AMD22000","25Mbps","Unliminted to all","None"
"Ucom","AMD22000","25Mbps","Unliminted to all","None"
"Vicacell","AMD26000","25Mbps","Unliminted to all","None"
"Beeline","AMD26000","25Mbps","Unliminted to all","None"
"Ucom","AMD26000","25Mbps","Unliminted to all","None"
"Vicacell","AMD10000","50Mbps","Unliminted to all","None"
"Beeline","AMD10000","50Mbps","Unliminted to all","None"
"Ucom","AMD10000","50Mbps","Unliminted to all","None"
"Vicacell","AMD14000","50Mbps","Unliminted to all","None"
"Beeline","AMD14000","50Mbps","Unliminted to all","None"
"Ucom","AMD14000","50Mbps","Unliminted to all","None"
"Vicacell","AMD18000","50Mbps","Unliminted to all","None"
"Beeline","AMD18000","50Mbps","Unliminted to all","None"
"Ucom","AMD18000","50Mbps","Unliminted to all","None"
"Vicacell","AMD22000","50Mbps","Unliminted to all","None"
"Beeline","AMD22000","50Mbps","Unliminted to all","None"
"Ucom","AMD22000","50Mbps","Unliminted to all","None"
"Vicacell","AMD26000","50Mbps","Unliminted to all","None"
"Beeline","AMD26000","50Mbps","Unliminted to all","None"
"Ucom","AMD26000","50Mbps","Unliminted to all","None"
"Vicacell","AMD10000","75Mbps","Unliminted to all","None"
"Beeline","AMD10000","75Mbps","Unliminted to all","None"
"Ucom","AMD10000","75Mbps","Unliminted to all","None"
"Vicacell","AMD14000","75Mbps","Unliminted to all","None"
"Beeline","AMD14000","75Mbps","Unliminted to all","None"
"Ucom","AMD14000","75Mbps","Unliminted to all","None"
"Vicacell","AMD18000","75Mbps","Unliminted to all","None"
"Beeline","AMD18000","75Mbps","Unliminted to all","None"
"Ucom","AMD18000","75Mbps","Unliminted to all","None"
"Vicacell","AMD22000","75Mbps","Unliminted to all","None"
"Beeline","AMD22000","75Mbps","Unliminted to all","None"
"Ucom","AMD22000","75Mbps","Unliminted to all","None"
"Vicacell","AMD26000","75Mbps","Unliminted to all","None"
"Beeline","AMD26000","75Mbps","Unliminted to all","None"
"Ucom","AMD26000","75Mbps","Unliminted to all","None"
"Vicacell","AMD10000","100Mbps","Unliminted to all","None"
"Beeline","AMD10000","100Mbps","Unliminted to all","None"
"Ucom","AMD10000","100Mbps","Unliminted to all","None"
"Vicacell","AMD14000","100Mbps","Unliminted to all","None"
"Beeline","AMD14000","100Mbps","Unliminted to all","None"
"Ucom","AMD14000","100Mbps","Unliminted to all","None"
"Vicacell","AMD18000","100Mbps","Unliminted to all","None"
"Beeline","AMD18000","100Mbps","Unliminted to all","None"
"Ucom","AMD18000","100Mbps","Unliminted to all","None"
"Vicacell","AMD22000","100Mbps","Unliminted to all","None"
"Beeline","AMD22000","100Mbps","Unliminted to all","None"
"Ucom","AMD22000","100Mbps","Unliminted to all","None"
"Vicacell","AMD26000","100Mbps","Unliminted to all","None"
"Beeline","AMD26000","100Mbps","Unliminted to all","None"
"Ucom","AMD26000","100Mbps","Unliminted to all","None"
